{
  "project_info": {
    "project_number": "564008697923",
    "project_id": "shopping-4a463",
    "storage_bucket": "shopping-4a463.firebasestorage.app"
  },
  "client": [
    {
      "client_info": {
        "mobilesdk_app_id": "1:564008697923:android:c927e39bb65374082a54f6",
        "android_client_info": {
          "package_name": "com.ahmetocak.shoppingapp"
        }
      },
      "oauth_client": [],
      "api_key": [
        {
          "current_key": "AIzaSyAoNr7HZ9VEZjxUdSrK52nqNkI78mhJEr8"
        }
      ],
      "services": {
        "appinvite_service": {
          "other_platform_oauth_client": []
        }
      }
    }
  ],
  "configuration_version": "1"
}